{
  "ash": {
    "hessian": [
      [
        71.3624142561764,
        3032.783880933263,
        -215.5342589431782,
        -348.0049564096547
      ],
      [
        3032.783880933263,
        212510.237614838,
        -9838.123117808487,
        -15545.215588796957
      ],
      [
        -215.5342589431782,
        -9838.123117808487,
        762.9452730024617,
        1234.7480569577021
      ],
      [
        -348.0049564096547,
        -15545.215588796957,
        1234.7480569577021,
        2003.2652049195576
      ]
    ],
    "covariance_approx": [
      [
        0.2062746697744433,
        -0.0006931268434961533,
        0.018934104294480808,
        0.018784808257281363
      ],
      [
        -0.0006931268434961376,
        3.742383352243904e-05,
        0.004709333973957799,
        -0.0027326841085031405
      ],
      [
        0.018934104294487282,
        0.004709333973957785,
        1.7110910492465694,
        -1.014827976494542
      ],
      [
        0.018784808257277012,
        -0.002732684108503133,
        -1.0148279764945431,
        0.6085634153206814
      ]
    ],
    "parameter_errors_1sigma_local": [
      0.45417471283025357,
      0.006117502229050598,
      1.3080867896460728,
      0.7801047463774857
    ]
  },
  "cpl": {
    "hessian": [
      [
        71.2979233012295,
        3048.1468353497116,
        804.0580016244603,
        167.26920517364525
      ],
      [
        3048.1468353497116,
        214779.82953972407,
        37784.97625470667,
        8725.081002780576
      ],
      [
        804.0580016244603,
        37784.97625470667,
        10604.360952060077,
        2195.1688163324156
      ],
      [
        167.26920517364525,
        8725.081002780576,
        2195.1688163324156,
        483.71084124809727
      ]
    ],
    "covariance_approx": [
      [
        0.20340734895433338,
        -0.0006136261519941491,
        -0.015968732950188694,
        0.01319841599502934
      ],
      [
        -0.0006136261519941494,
        4.0097986207557004e-05,
        0.00015601850756090697,
        -0.001219125831536725
      ],
      [
        -0.015968732950188688,
        0.00015601850756090662,
        0.0046716385994043175,
        -0.01849293309138948
      ],
      [
        0.013198415995029368,
        -0.001219125831536724,
        -0.018492933091389486,
        0.10548532051252879
      ]
    ],
    "parameter_errors_1sigma_local": [
      0.45100703869710657,
      0.006332297071960301,
      0.0683493862401435,
      0.3247850373901618
    ]
  },
  "lcdm": {
    "hessian": [
      [
        70.11497970271155,
        3150.80666695441
      ],
      [
        3150.80666695441,
        224757.81921391658
      ]
    ],
    "covariance_approx": [
      [
        0.0770865977160625,
        -0.0010806519073111
      ],
      [
        -0.0010806519073111,
        2.4047773968960765e-05
      ]
    ],
    "parameter_errors_1sigma_local": [
      0.277644732916118,
      0.004903852971792768
    ]
  }
}