a,z,H_obs,sigma_H,H_truth
0.25,3.0,319.79786674670436,0.00031979727380006533,319.79727380006534
0.3,2.3333333333333335,246.15594583941768,0.0002461563009281611,246.1563009281611
0.35,1.8571428571428572,198.49380669651637,0.00019849336389497353,198.49336389497356
0.42,1.380952380952381,155.61353583692127,0.00015561362082471296,155.61362082471297
0.5,1.0,125.38288160628564,0.0001253829739441814,125.38297394418142
0.6,0.6666666666666667,102.53087407053529,0.00010253070181437805,102.53070181437806
0.72,0.38888888888888884,86.58898675348928,8.658901618082437e-05,86.58901618082437
0.85,0.17647058823529416,76.63230067015908,7.663220782998436e-05,76.63220782998437
1.0,0.0,70.00003106510442,7e-05,70.0
