depth,frontier_size,frontier_entropy_bits,total_measure
1,5,2.2678535350942157,1.0
2,25,4.513140998362028,0.9999999999999999
3,125,6.765878592768574,0.9999999999999999
