shell_q,transfer_probability,transfer_penalty
0,0.05,-0.0
1,0.05,0.02247285585205863
2,0.05,0.039665256392431514
3,0.05,0.05129329438755058
4,0.05,0.05715841383994864
