model,n_params,loglike,chi2,aic,bic
ASH_truth_family,8,116.85403255349271,0.0,-217.70806510698543,-199.6066260906549
ASH_perturbation_only,7,113.50679388355533,6.694477339874755,-213.01358776711066,-197.17482862782146
ASH_background_only,7,109.36496179524022,14.978141516504966,-204.72992359048044,-188.89116445119123
LCDM_nested_baseline,6,104.52276862446757,24.662527858050293,-197.04553724893515,-183.46945798668725
